{
  "2.2.0": {
    "date": "Oct 1, 2022",
    "description": "",
    "additions": [],
    "fixes": [
      "Fix proxied games and apps not loading if Bare server is blocked"
    ],
    "updates": [
      "Major server infastructure updates"
    ],
    "deductions": []
  },
  "2.1.0": {
    "date": "August 27, 2022",
    "description": "",
    "additions": [
      "Favorite button",
      "Favorite section on the home page",
      "Featured games section on the home page",
      "Game Search"
    ],
    "fixes": [
      "Fix issue on some proxies."
    ],
    "updates": [],
    "deductions": []
  },
  "2.0.3": {
    "date": "July 21, 2022",
    "description": "",
    "additions": [
      "Added versioning for 2.0.1, 2.0.2, and 2.0.3"
    ],
    "fixes": [],
    "updates": [],
    "deductions": []
  },
  "2.0.2": {
    "date": "July 21, 2022",
    "description": "",
    "additions": [],
    "fixes": [
      "Fix banner on README.md"
    ],
    "updates": [],
    "deductions": []
  },
  "2.0.1": {
    "date": "July 21, 2022",
    "description": "",
    "additions": [],
    "fixes": [
      "Fix issue with 404 page causing some games to not load."
    ],
    "updates": [],
    "deductions": []
  },
  "2.0.0": {
    "date": "June 20, 2022",
    "description": "As of version 2.0.0 the site is made using SolidJS and TailwindCSS.",
    "additions": [
      "Version Tracking",
      "Services Page",
      "Service - Radon DNS",
      "Service - Link Bot Bot",
      "Bare Server"
    ],
    "fixes": [
      "App 'Failed to Fetch' Error"
    ],
    "updates": [
      "User Interface",
      "Route Changes"
    ],
    "deductions": []
  },
  "1.6.1": {
    "date": "May 22, 2022",
    "description": "",
    "additions": [
      "Support Page",
      "Partner - Delta Network",
      "Partner - Math Study"
    ],
    "fixes": [],
    "updates": [],
    "deductions": []
  },
  "1.6.0": {
    "date": "May 11, 2022",
    "description": "Version 1.6 comes with new settings for tab cloaking and better reliability. New config options were also added for email game requests/bug reports.",
    "additions": [
      "About Blank URL Cloaking",
      "Data URL Cloaking",
      "Blob URL Cloaking",
      "Tab Cloaking Options",
      "Mailjet Server"
    ],
    "fixes": [],
    "updates": [],
    "deductions": []
  },
  "1.5.2": {
    "date": "May 7, 2022",
    "description": "",
    "additions": [
      "Game Descriptions"
    ],
    "fixes": [],
    "updates": [],
    "deductions": []
  },
  "1.5.1": {
    "date": "May 2, 2022",
    "description": "",
    "additions": [
      "Multi Domain SSH"
    ],
    "fixes": [],
    "updates": [
      "README.md"
    ],
    "deductions": []
  },
  "1.5.0": {
    "date": "April 17, 2022",
    "description": "",
    "additions": [
      "Ultraviolet Proxy",
      "Fullscreen Button",
      "Apps Page",
      "Game - Krunker.io",
      "Game - Agma.io",
      "Game - Shell Shockers",
      "Game - Roblox",
      "Game - 1v1.lol",
      "Game - DogeMiner",
      "Game - Territorial.io",
      "Game - MooMoo.io",
      "Game - Voxiom.io",
      "App - Google",
      "App - Geforce Now",
      "App - Discord",
      "App - Youtube"
    ],
    "fixes": [],
    "updates": [
      "Games Page",
      "Footer",
      "Ruffle",
      "Emulator.js"
    ],
    "deductions": []
  }
}
